Name,Price,Views
TVS Apache RTR 160 2V,₹ 1,19,420,13157 Views
Yamaha MT-15 V1,₹ 1,46,900,13063 Views
Honda CB150R Streetster,₹ 1,50,000,12934 Views
Yamaha RX 135,₹ 40,000,12918 Views
KTM Duke 250,₹ 2,38,221,12904 Views
Bajaj Dominar 400,₹ 2,29,781,12900 Views
KTM RC 390,₹ 3,18,173,12522 Views
Royal Enfield Bullet 350,₹ 1,97,436,12453 Views
Yamaha NIKEN MXT850,₹ 15,00,000,12429 Views
Honda CBR250R (New),₹ 1,66,000,12163 Views
Hero HF Deluxe All Black Edition,₹ 61,620,12076 Views
Honda CBR150R,₹ 1,55,000,12065 Views
Kawasaki Ninja ZX-10R,₹ 16,31,000,11997 Views
Kawasaki Z125,₹ 1,40,000,11900 Views
TVS Radeon 110,₹ 62,405,11706 Views
Yamaha FZS (FZS V1),₹ 75,893,11535 Views
Hero Glamour (New),₹ 82,348,11222 Views
Hero XPulse 300,₹ 1,60,000,11194 Views
Suzuki Gixxer SF,₹ 1,45,900,11076 Views
KTM RC 200,₹ 2,17,696,11033 Views
Royal Enfield Classic 250,₹ 1,25,000,11021 Views
Yamaha R15 V4 Racing Blue,₹ 1,86,700,10999 Views
Yamaha YZF-R25,₹ 3,00,000,10892 Views
TVS Jupiter 110,₹ 77,458,10821 Views
Royal Enfield Himalayan 411,₹ 2,15,900,10500 Views
Honda SP125,₹ 86,017,10426 Views
Kawasaki Ninja 250SL,₹ 2,25,000,10356 Views
Yamaha R15 V2,₹ 1,18,838,10354 Views
Bajaj Pulsar 150 Twin Disc,₹ 1,20,442,10333 Views
Suzuki Gixxer 150,₹ 1,40,900,10315 Views
TVS Apache RR 310,₹ 2,72,000,10143 Views
Yamaha FZ 250,₹ 1,50,639,10128 Views
TVS Zeppelin 220,₹ 1,35,000,9960 Views
BMW G310R,₹ 2,85,000,9870 Views
Bajaj Platina 100,₹ 67,808,9846 Views
Yamaha R15 V1,₹ 97,000,9826 Views
Yamaha MT-15 CYW Metallic Black,₹ 1,49,900,9795 Views
Yamaha FZ V3,₹ 1,16,200,9757 Views
Hero Honda CD 100 SS,₹ 32,000,9628 Views
Yamaha XSR125,₹ 1,20,000,9623 Views
Yamaha MT-03,₹ 3,30,000,9618 Views
Royal Enfield Bobber 838,₹ 5,00,000,9550 Views
Yamaha R15 V3 Thunder Grey,₹ 1,57,600,9466 Views
Yamaha R15 V4 Dark Knight,₹ 1,82,700,9417 Views
Hero Xtreme 160R,₹ 1,24,986,9313 Views
Bajaj Pulsar 125 Carbon Fibre,₹ 91,750,9209 Views
Kawasaki Ninja 650,₹ 7,12,000,9195 Views
KTM RC 125,₹ 1,89,542,9150 Views
Honda Hornet 200,₹ 1,39,000,9102 Views
TVS XL100,₹ 44,999,9051 Views
Bajaj Pulsar 150 Neon,₹ 1,04,448,9046 Views
Yamaha R15M,₹ 1,95,200,9029 Views
Yamaha RXZ 135,₹ 42,000,9023 Views
Royal Enfield Continental GT 650,₹ 3,19,000,8948 Views
Hero Super Splendor 125,₹ 80,848,8794 Views
Yamaha Aerox 155,₹ 1,44,800,8694 Views
Hero Pleasure Plus 110,₹ 70,338,8641 Views
Kawasaki Z300,₹ 3,25,000,8623 Views
Kawasaki Z650,₹ 6,43,000,8597 Views
Kawasaki Ninja ZX-25RR,₹ 10,00,000,8594 Views
Hero Splendor iSmart 110,₹ 71,418,8520 Views
Bajaj Pulsar 180 Neon,₹ 1,14,515,8486 Views
Bajaj Boxer BM150,₹ 45,000,8447 Views
Jawa Scrambler 300,₹ 2,10,000,8430 Views
Bajaj Pulsar 220F,₹ 1,37,709,8384 Views
Benelli TNT 200,₹ 1,50,000,8322 Views
Honda CB350 DLX PRO Chrome,₹ 2,14,856,8278 Views
Suzuki Burgman 650 ABS,₹ 12,00,000,8204 Views
Royal Enfield Electra 350,₹ 1,68,970,8203 Views
Royal Enfield Meteor 350,₹ 2,05,855,8178 Views
Honda CBR250RR KABUKI,₹ 3,75,000,8168 Views
Bajaj Pulsar N160,₹ 1,22,854,8077 Views
Yamaha R15 V3 Metallic Red,₹ 1,57,600,8023 Views
Suzuki GSX-R150,₹ 1,20,000,8007 Views
Yamaha FZS V4 Deluxe,₹ 1,29,400,7929 Views
Yamaha R15S,₹ 1,64,900,7897 Views
Hero XPulse 200,₹ 1,26,778,7887 Views
Hero HF Deluxe,₹ 61,620,7881 Views
Hero Karizma R V1 (Old Model),₹ 81,600,7753 Views
Royal Enfield Continental GT 650 Chrome Edition,₹ 3,45,000,7702 Views
Aprilia RS 150,₹ 1,40,000,7697 Views
Hero Glamour Fi Disc (Old Model),₹ 63,580,7691 Views
Yamaha RX 135 4-Speed,₹ 36,000,7656 Views
TVS Sport 110,₹ 64,050,7637 Views
Bajaj Pulsar 125 Split Seat Drum,₹ 84,000,7556 Views
Bajaj Pulsar 180F,₹ 1,14,515,7537 Views
Hero Passion Pro 110,₹ 74,678,7496 Views
Kawasaki Z900,₹ 9,11,000,7495 Views
TVS Ronin 225,₹ 1,49,100,7462 Views
Bajaj Platina 125,₹ 42,000,7421 Views
KTM Duke 490,₹ 3,50,000,7398 Views
Yamaha YZF-R1M,₹ 35,00,000,7367 Views
Bajaj Platina 110,₹ 70,400,7360 Views
Honda CBR600RR,₹ 12,50,000,7358 Views
Royal Enfield Classic Signals Marsh Grey,₹ 2,13,852,7344 Views
Royal Enfield Classic 350 Dark Gunmetal Grey,₹ 2,20,991,7301 Views
Yamaha MT-15 V2 MotoGP (Monster Energy),₹ 1,65,900,7297 Views
Yamaha R15 V3 Race Edition,₹ 1,70,500,7277 Views
Yamaha R15 V4 Metallic Red,₹ 1,81,700,7261 Views
Hero Glamour 125,₹ 80,908,7240 Views
Honda Activa (Old Model),₹ 45,300,7232 Views
Royal Enfield Cruiser 650,₹ 3,50,000,7216 Views
Hero Passion Pro (Old Model),₹ 47,850,7214 Views
Bajaj Pulsar 180,₹ 1,16,653,7198 Views
Aprilia RS4 125,₹ 1,25,000,7139 Views
Honda CBR250R Repsol (New),₹ 1,96,000,7106 Views
TVS Scooty Pep Plus,₹ 65,514,7106 Views
Royal Enfield Classic 350,₹ 1,93,080,7089 Views
Yamaha R15S Matte Black Edition,₹ 1,64,900,7078 Views
Yamaha FZ16 (FZ V1),₹ 74,491,6986 Views
Yamaha FZS Battle Green,₹ 74,500,6964 Views
Kawasaki Z250 SL,₹ 2,00,000,6960 Views
KTM Duke 890 R,₹ 10,00,000,6955 Views
Kawasaki Ninja 400,₹ 5,19,000,6939 Views
Suzuki Hayabusa GSX1300R,₹ 16,90,000,6932 Views
Honda CB350 DLX PRO,₹ 2,12,856,6880 Views
TVS Jupiter 125,₹ 83,855,6867 Views
Bajaj CT 100,₹ 54,515,6864 Views
TVS Apache RTR 160 4V Special Edition,₹ 1,32,170,6863 Views
KTM 390 Adventure X,₹ 2,80,652,6855 Views
Yamaha MT-15 CYW Ice Fluo,₹ 1,49,900,6846 Views
Yamaha FZS 250,₹ 1,54,400,6830 Views
TVS NTorq Thor Edition,₹ 95,191,6818 Views
Kawasaki Ninja 250SL ABS,₹ 2,40,000,6806 Views
Yamaha FZ-X 150,₹ 1,36,200,6797 Views
TVS Draken 250,₹ 1,60,000,6783 Views
TVS Apache RTR 160 2V Disc,₹ 1,22,920,6783 Views
Yamaha FZS V3,₹ 1,21,400,6736 Views
Royal Enfield Scrambler 650,₹ 3,00,000,6706 Views
Hero XPulse 200 Rally Edition,₹ 1,52,100,6682 Views
Yamaha SR400 Retro,₹ 3,75,000,6665 Views
Kawasaki Ninja ZX-14R,₹ 19,70,000,6655 Views
Bajaj Discover 150 Disc,₹ 52,940,6563 Views
TVS Apache RTR 160 4V,₹ 1,23,870,6534 Views
Keeway SR 250,₹ 1,49,000,6507 Views
Yamaha MT-15 V2 Racing Blue Deluxe,₹ 1,71,200,6387 Views
Yezdi Scrambler 334,₹ 2,09,900,6374 Views
Honda CB200X,₹ 1,48,844,6355 Views
Honda CRF250L,₹ 1,50,000,6341 Views
Yamaha Lander XTZ 250,₹ 1,25,000,6292 Views
Bajaj Pulsar 150 (Old Model),₹ 66,500,6287 Views
Kawasaki Z125 Pro,₹ 1,30,000,6265 Views
TVS Apache RTR 180 2V,₹ 1,32,220,6261 Views
Kawasaki Ninja ZX-6R,₹ 10,49,000,6261 Views
Kawasaki Z250,₹ 3,08,000,6232 Views
Kawasaki Z400,₹ 4,50,000,6202 Views
Yamaha Crux 106,₹ 39,667,6187 Views
Hero ZIR 150,₹ 85,000,6156 Views
Kawasaki Ninja RR ZX150,₹ 1,60,000,6137 Views
Bajaj Avenger 220,₹ 1,43,373,6131 Views
Husqvarna Svartpilen 250,₹ 2,25,153,6088 Views
Yamaha X-Max 125,₹ 75,000,6077 Views
TVS Ntorq 125,₹ 84,636,6033 Views
Bajaj Pulsar N250,₹ 1,40,666,6024 Views
Suzuki Access 125,₹ 83,601,6022 Views
Honda CB250R,₹ 1,50,000,5937 Views
Honda CB250R,₹ 1,50,000,5938 Views
TVS Apache RTR 200 4V,₹ 1,46,820,5931 Views
Kawasaki Ninja 250 (Old),₹ 3,03,000,5929 Views
TVS NTorq Super Squad Edition,₹ 95,191,5912 Views
KTM RC 490,₹ 3,75,000,5906 Views
Harley-Davidson X440,₹ 2,39,500,5894 Views
KTM Duke 690,₹ 4,25,000,5894 Views
Bajaj Discover 125 ST,₹ 57,000,5891 Views
TVS Apache RTR 160 (Old Model),₹ 71,000,5885 Views
Honda Activa Deluxe,₹ 78,734,5849 Views
Kawasaki Z125 Automatic,₹ 1,35,000,5836 Views
Bajaj Pulsar RS250,₹ 1,65,000,5817 Views
Keeway SR 125,₹ 1,20,000,5808 Views
Ducati Superleggera V4,₹ 140,00,000,5793 Views
Yamaha Enticer 125,₹ 48,000,5793 Views
Benelli TNT 250,₹ 2,25,000,5792 Views
Hero Splendor Plus i3S,₹ 75,811,5789 Views
Yamaha FZS V2,₹ 86,000,5776 Views
BMW S1000RR,₹ 20,50,000,5721 Views
Royal Enfield Meteor 350 Stellar,₹ 2,11,924,5717 Views
TVS Suzuki Shogun 110,₹ 18,000,5716 Views
Royal Enfield Interceptor 350,₹ 2,00,000,5706 Views
Hero Hastur 620,₹ 4,00,000,5705 Views
Yamaha R7,₹ 10,00,000,5702 Views
Suzuki Gixxer SF 250,₹ 2,04,999,5677 Views
Honda CBR250R (Old Model),₹ 1,95,900,5671 Views
Benelli TNT 600,₹ 7,00,000,5634 Views
Kawasaki Ninja 650 KRT,₹ 5,99,000,5629 Views
Yamaha MT-09,₹ 12,00,000,5597 Views
Suzuki GSX-R600,₹ 15,00,000,5592 Views
Honda CB300R,₹ 2,77,267,5589 Views
Suzuki GSX-250R,₹ 3,00,000,5584 Views
Honda Dio Deluxe Model,₹ 74,212,5580 Views
Honda XBlade 160,₹ 1,15,614,5574 Views
Honda CBR250R ABS,₹ 1,95,900,5557 Views
Royal Enfield Classic 650,₹ 2,60,000,5506 Views
BMW C400 GT,₹ 11,25,000,5505 Views
Suzuki Gixxer 250,₹ 1,98,001,5502 Views
Honda CBR1000RR-R,₹ 23,62,720,5485 Views
KTM Duke 690 R,₹ 4,50,000,5485 Views
KTM Duke 790,₹ 8,64,000,5453 Views
Yamaha M-SLAZ 150,₹ 1,10,000,5408 Views
Suzuki GSX-R125,₹ 1,00,000,5397 Views
Yamaha R15M MotoGP Edition,₹ 1,92,400,5361 Views
Benelli 302R,₹ 3,25,000,5343 Views
Ola S1 Pro,₹ 1,39,999,5321 Views
Honda Navi Street,₹ 44,500,5292 Views
Yamaha RXG 135,₹ 38,000,5281 Views
TVS Scooty Zest 110,₹ 73,216,5266 Views
Yamaha MT-07,₹ 7,00,000,5261 Views
Kawasaki Ninja ZX-10R Performance,₹ 15,00,000,5231 Views
TVS Apache RTR 220,₹ 1,30,000,5205 Views
Kawasaki Ninja 1000SX,₹ 12,20,000,5199 Views
Royal Enfield Interceptor 650,₹ 3,03,000,5190 Views
Bajaj Discover 135 Sports,₹ 61,400,5185 Views
Hero XPulse 200 4V,₹ 1,44,776,5158 Views
Royal Enfield Super Meteor 650,₹ 3,54,398,5154 Views
Honda Activa 125,₹ 79,806,5153 Views
Yamaha XSR300 (New RD350),₹ 3,00,000,5138 Views
Honda CBR125R,₹ 1,00,000,5132 Views
Benelli TNT 150,₹ 1,50,000,5089 Views
Hero Splendor Plus XTEC,₹ 79,261,5083 Views
Royal Enfield Classic 350 Halcyon Green,₹ 2,02,094,5078 Views
Benelli QJ SRK 600,₹ 6,50,000,5073 Views
Aprilia GPR 250,₹ 2,20,000,5040 Views
Yamaha WR155R,₹ 1,50,000,5025 Views
Bajaj Pulsar NS250,₹ 1,45,000,5021 Views
Bajaj Pulsar F250,₹ 1,40,666,4997 Views
Jawa 42,₹ 1,71,351,4993 Views
Yezdi Adventure 334,₹ 2,15,900,4986 Views
Hero Splendor Plus (Old Model),₹ 49,500,4978 Views
Royal Enfield Classic 350 Redditch Red,₹ 1,93,080,4972 Views
Yamaha SZ-R,₹ 57,500,4966 Views
Hero Karizma ZMR V1 (Old Model),₹ 1,00,000,4921 Views
KTM RC 200 GP,₹ 2,17,696,4891 Views
Yamaha MT-15 V2 Ice Fluo Deluxe,₹ 1,71,200,4884 Views
KTM RC 890,₹ 10,50,000,4878 Views
Suzuki Burgman 125,₹ 93,499,4872 Views
Hero Xtreme 200S,₹ 1,35,360,4865 Views
Kawasaki Ninja ZX-10RR Performance,₹ 18,00,000,4843 Views
Bajaj Platina 110 ABS,₹ 74,061,4833 Views
Royal Enfield Continental GT 650 Mr Clean,₹ 3,45,000,4820 Views
Yamaha MT-15 CYW Matt Blue,₹ 1,49,900,4806 Views
Kawasaki Ninja ZX-6R Performance,₹ 12,00,000,4794 Views
Bajaj Pulsar SS400,₹ 2,20,000,4769 Views
Triumph Scrambler 400X,₹ 2,60,000,4758 Views
Bajaj Pulsar P150,₹ 1,16,755,4755 Views
Bajaj CT110X,₹ 59,104,4747 Views
Hero Splendor Plus Black and Accent Edition,₹ 75,811,4736 Views
Jawa Classic,₹ 1,81,415,4713 Views
TVS Adventure 310,₹ 2,15,000,4713 Views
TVS Star City Plus 110,₹ 77,770,4706 Views
Bajaj Avenger 160,₹ 1,16,832,4697 Views
Royal Enfield Bullet 350X,₹ 1,47,999,4695 Views
Royal Enfield Himalayan Rock Red,₹ 2,22,928,4689 Views
Yamaha Fazer V2 (150cc),₹ 88,143,4671 Views
Yamaha MT-15 V2 Metallic Black,₹ 1,67,200,4663 Views
Bajaj Platina 110 ES Disc,₹ 69,216,4659 Views
Honda PCX 125,₹ 70,000,4657 Views
Hero Xtreme 160R 4V,₹ 1,27,300,4635 Views
Yamaha FZ-X 250,₹ 1,80,000,4621 Views
TVS NTorq Captain America Edition,₹ 95,191,4612 Views
Kawasaki Vulcan S,₹ 7,10,000,4603 Views
Honda CB650R,₹ 9,15,427,4603 Views
Yamaha FZS V3 Darknight Edition,₹ 1,16,400,4584 Views
Kawasaki Z250 SL ABS,₹ 2,20,000,4579 Views
Keeway Benda V302C,₹ 4,20,000,4575 Views
Bajaj Dominar 250,₹ 1,83,757,4522 Views
TVS Apache RTR 165 RP,₹ 1,45,000,4495 Views
Royal Enfield Bullet 250,₹ 1,00,000,4493 Views
Yamaha R15 Grid Gold,₹ 1,16,800,4485 Views
Kawasaki Ninja ZX-10RR,₹ 22,50,000,4484 Views
Yamaha Fascino 125,₹ 79,100,4460 Views
Yamaha MT-15 Tracer,₹ 1,50,000,4455 Views
Kawasaki Ninja 300 KRT,₹ 3,60,000,4404 Views
TVS Jupiter SMW,₹ 73,340,4396 Views
Bajaj CT125X,₹ 77,216,4378 Views
KTM RC 390 GP,₹ 3,18,173,4378 Views
Aprilia GPR 150,₹ 1,50,000,4377 Views
TVS NTorq XT Edition,₹ 1,04,641,4376 Views
Suzuki V-Strom SX 250,₹ 2,11,600,4372 Views
Bajaj Chetak 2-Stroke,₹ 26,899,4368 Views
Honda CB125F,₹ 75,000,4357 Views
Aprilia RS 660,₹ 13,39,000,4342 Views
Royal Enfield SG 650 (ShotGun 650),₹ 3,50,000,4327 Views
Royal Enfield Himalayan Sleet Black,₹ 2,28,490,4302 Views
Honda CB150R Streetfire,₹ 1,50,000,4296 Views
Benelli Leoncino 500,₹ 5,60,000,4290 Views
Benelli BN 125,₹ 80,000,4281 Views
Honda Hornet Repsol Edition,₹ 1,34,238,4268 Views
TVS Apache RTR 250,₹ 1,45,000,4265 Views
Yamaha MT-25,₹ 2,50,000,4259 Views
Hero Honda Super Splendor (2009),₹ 46,900,4259 Views
Honda Livo 110,₹ 78,500,4229 Views
Hero Xtreme 200R,₹ 1,00,000,4226 Views
Kawasaki Z H2,₹ 23,48,000,4223 Views
BMW G310RR,₹ 3,00,000,4220 Views
Honda SP125 Disc Brake Model,₹ 90,017,4198 Views
Royal Enfield Scram 411,₹ 2,06,394,4193 Views
Yamaha Tracer 700,₹ 7,50,000,4177 Views
Hero Karizma ZMR V2,₹ 1,08,000,4176 Views
Yamaha NMAX 155,₹ 95,000,4171 Views
Honda RC213V-S,₹ 135,00,000,4167 Views
TVS Apache RTR 200 SuperMoto ABS,₹ 1,41,670,4167 Views
Hero Passion Pro Self Start,₹ 55,575,4139 Views
Royal Enfield Classic 350 Halcyon Blue,₹ 1,98,971,4076 Views
Yamaha XSR900,₹ 9,00,000,4075 Views
CFMoto 150NK,₹ 1,00,000,4075 Views
Kawasaki Z1000,₹ 15,10,000,4072 Views
Yezdi Roadster 334,₹ 2,06,142,4072 Views
Royal Enfield Meteor 350 Fireball,₹ 2,05,855,4053 Views
Yamaha FZS Matt Green,₹ 84,012,4041 Views
TVS Raider 125 Bluetooth Model,₹ 1,01,570,4038 Views
Bajaj Avenger 150,₹ 81,000,4033 Views
Royal Enfield Himalayan Lake Blue,₹ 2,22,928,4016 Views
Honda CBR1000RR Repsol,₹ 15,46,500,3991 Views
Hero Glamour XTEC,₹ 87,748,3989 Views
Bajaj Pulsar RS200 (Old Model),₹ 1,21,800,3986 Views
TVS XL100 Comfort,₹ 46,671,3984 Views
KTM RC 790,₹ 9,00,000,3984 Views
Honda CB500X,₹ 5,79,952,3983 Views
Honda PCX 150,₹ 90,000,3983 Views
Ola S1 Air,₹ 1,19,999,3978 Views
Bajaj Pulsar AS250,₹ 1,50,000,3953 Views
Hero XPulse 200T 4V,₹ 1,40,246,3940 Views
Yamaha FZ-07,₹ 7,00,000,3940 Views
Benelli Imperiale 400,₹ 2,35,000,3939 Views
Yamaha Ray ZR 125,₹ 84,230,3938 Views
Kawasaki Ninja RR Mono,₹ 2,25,000,3927 Views
Bajaj Pulsar AS200,₹ 94,000,3925 Views
Royal Enfield Classic 350 Halcyon Black,₹ 2,02,094,3920 Views
Hero Karizma R V2,₹ 84,780,3917 Views
YO Yo Style Standard,₹ 37,675,3916 Views
Harley-Davidson Street 750,₹ 4,69,000,3883 Views
Honda CB Twister 250,₹ 1,40,000,3882 Views
Bajaj CT100 (Old Model),₹ 32,000,3882 Views
KTM 390 Adventure,₹ 3,38,746,3869 Views
BMW G310GS,₹ 3,25,000,3868 Views
Bajaj Platina 100 ES,₹ 65,856,3867 Views
Suzuki B-King ABS,₹ 9,50,000,3865 Views
Honda Activa 125 Disc,₹ 86,979,3848 Views
Kawasaki Ninja ZX-14R Pearl White,₹ 18,90,000,3844 Views
Yamaha R15 (Old Model),₹ 1,07,000,3840 Views
Bajaj Pulsar 200 (Old Model),₹ 67,000,3804 Views
Bajaj Chetak Premium,₹ 1,30,000,3802 Views
Husqvarna Vitpilen 401,₹ 2,60,000,3800 Views
Honda Dio Repsol Edition,₹ 70,973,3797 Views
Suzuki GSX-R1000,₹ 19,80,935,3784 Views
Hero HX250R STD,₹ 1,40,000,3776 Views
Yamaha FZ-10,₹ 14,00,000,3755 Views
Honda Activa Premium Edition,₹ 76,859,3752 Views
TVS Apache RTR E100,₹ 1,20,000,3750 Views
TVS Jupiter Classic,₹ 89,748,3750 Views
Yamaha VMAX Cruiser,₹ 26,94,577,3748 Views
Bajaj Boxer (Old Model),₹ 33,000,3743 Views
Yamaha FZ6R,₹ 6,50,000,3741 Views
Honda Dio (Old Model),₹ 55,777,3735 Views
TVS Apache RTR 160 2V Bluetooth,₹ 1,26,220,3711 Views
Yamaha XSR155 Scrambler,₹ 1,60,000,3705 Views
Bajaj Pulsar AS150,₹ 80,500,3697 Views
Honda CB350RS,₹ 2,14,856,3687 Views
Honda CB350RS,₹ 2,14,856,3687 Views
Hero Xtreme 200S 4V,₹ 1,41,250,3676 Views
KTM Duke 890,₹ 8,00,000,3674 Views
Bajaj Avenger 220 (Old Model),₹ 81,596,3673 Views
Royal Enfield Himalayan Glacier Blue,₹ 2,28,490,3663 Views
Hero Pleasure Self (Old Model),₹ 45,600,3662 Views
BMW S1000R,₹ 19,00,000,3659 Views
Honda Activa 3G,₹ 49,900,3649 Views
Bajaj V15,₹ 66,739,3648 Views
Jawa Perak Bobber,₹ 2,13,187,3640 Views
TVS NTorq Race Edition,₹ 93,141,3624 Views
Suzuki V-Strom 650 XT,₹ 8,85,000,3622 Views
Ducati Panigale V4,₹ 27,41,000,3580 Views
Honda XRE 300 Adventure,₹ 2,00,000,3578 Views
Suzuki Katana 1000,₹ 13,61,000,3575 Views
CFMoto 250SR,₹ 2,00,000,3569 Views
Benelli 302S,₹ 2,80,000,3569 Views
Honda CBR650R,₹ 9,35,441,3563 Views
Honda CBR400R STD,₹ 4,25,000,3559 Views
Mahindra Mojo 300,₹ 2,08,000,3544 Views
BMW HP4 Race,₹ 85,00,000,3542 Views
Honda NXR 160 BROS,₹ 90,000,3537 Views
Harley-Davidson Street 500,₹ 4,00,000,3531 Views
BMW M1000RR,₹ 49,00,000,3530 Views
Husqvarna Vitpilen 701,₹ 7,00,000,3530 Views
TVS NTorq Iron Man Edition,₹ 87,661,3522 Views
Royal Enfield Classic 350 Redditch Sage Green,₹ 1,90,092,3515 Views
TVS NTorq Race Edition V2,₹ 96,741,3494 Views
TVS Victor,₹ 63,000,3491 Views
Yamaha R15M WGP 60th Edition,₹ 1,91,800,3481 Views
Kawasaki Z650RS,₹ 6,92,000,3480 Views
TVS Sport ES,₹ 70,773,3471 Views
Kawasaki Ninja ZX-10R 30th Anniversary,₹ 16,40,000,3466 Views
Hero Pleasure Plus Platinum ZX,₹ 66,400,3466 Views
Hero Pleasure Plus Platinum ZX,₹ 66,400,3466 Views
TVS iQube ST,₹ 1,80,690,3461 Views
Husqvarna Vitpilen 250,₹ 2,24,776,3461 Views
TVS Max4R,₹ 40,200,3458 Views
Hero Xtreme (Old Model),₹ 71,200,3446 Views
Honda CRF150L,₹ 1,25,000,3441 Views
Hero Karizma XMR 210,₹ 1,72,900,3436 Views
Hero Glamour Black & Accent,₹ 80,638,3436 Views
Honda MSX125,₹ 80,000,3430 Views
Royal Enfield Classic 350 Chrome Red,₹ 2,24,755,3418 Views
Yamaha SCR950 Scrambler,₹ 11,00,000,3416 Views
Ducati Streetfighter V4,₹ 22,15,000,3409 Views
Hero Splendor Plus 100cc Electric Start,₹ 74,491,3384 Views
Kawasaki ER-6n 650,₹ 4,69,000,3371 Views
Suzuki GSX-S125,₹ 80,000,3365 Views
Ola S1,₹ 99,999,3356 Views
Suzuki Gixxer SF MotoGP,₹ 1,35,400,3336 Views
Bajaj Pulsar RS200 Demon Black,₹ 1,33,800,3327 Views
TVS NTorq Spiderman Edition,₹ 95,191,3324 Views
Yamaha XSR700,₹ 7,50,000,3323 Views
Kawasaki Ninja 300 Anniversary,₹ 3,65,000,3322 Views
Suzuki Access 125 (Old Model),₹ 51,448,3317 Views
Hero HF 100,₹ 59,018,3314 Views
Zontes 350R,₹ 3,15,000,3309 Views
Yamaha R15 Special Edition (Version 2),₹ 1,14,000,3307 Views
Jawa 42 Bobber,₹ 2,12,500,3293 Views
Hero Super Splendor Disc Brake Model,₹ 84,748,3286 Views
Yamaha FZ-09,₹ 11,00,000,3285 Views
Bajaj Pulsar N160 2-Channel ABS,₹ 1,30,560,3282 Views
Yamaha YZF-R1 (2014),₹ 15,60,000,3281 Views
Honda Lead 125,₹ 70,000,3259 Views
Taro GP1-250R,₹ 1,80,000,3257 Views
Yamaha SZ-RR V2,₹ 69,983,3257 Views
Honda Grazia 125,₹ 82,520,3244 Views
Bajaj Platina 100 ES Disc,₹ 63,578,3231 Views
Benelli TRK 502,₹ 5,75,000,3223 Views
Honda Grom 125,₹ 80,000,3222 Views
Bajaj XCD 125,₹ 44,300,3217 Views
Honda CD 110 Dream,₹ 66,033,3198 Views
Triumph Trident 660,₹ 7,45,000,3189 Views
Hyosung GT650R,₹ 4,79,000,3187 Views
Indian Scout Bobber,₹ 17,17,642,3180 Views
Hyosung GT250R,₹ 3,00,000,3174 Views
Honda Hornet Adventure,₹ 1,50,000,3171 Views
BMW F900R,₹ 10,80,000,3170 Views
TVS Apache RTR (Old Model),₹ 58,500,3163 Views
Honda CB Hornet 160R,₹ 86,500,3155 Views
Honda Shine 100,₹ 64,900,3147 Views
Yamaha Nouvo Z,₹ 55,000,3142 Views
TVS Raider 125 Disc Brake Model,₹ 96,219,3139 Views
Piaggio MP3 500 Sport ABS,₹ 4,50,000,3133 Views
Hero Destini 125,₹ 70,950,3132 Views
Bajaj Pulsar P150 Double Disc,₹ 1,19,757,3131 Views
TVS Jupiter ZX SmartXonnect,₹ 84,568,3127 Views
TVS Victor Premium Edition BS6,₹ 66,000,3126 Views
Benelli TNT 125,₹ 1,20,000,3122 Views
TVS Apache RTR 310,₹ 2,42,990,3111 Views
Yamaha FZ1 (1000cc Model),₹ 11,42,999,3107 Views
Yamaha XSR155 Cafe Racer,₹ 1,60,000,3107 Views
Suzuki Skydrive 125,₹ 45,000,3105 Views
Benelli TNT 300,₹ 2,99,000,3105 Views
Jawa 42 Bobber Moonstone White,₹ 2,13,500,3104 Views
Hero Honda Splendor Base (2009),₹ 47,000,3103 Views
Aprilia RSV4 1100 Factory,₹ 23,69,000,3103 Views
Bajaj Avenger Street 220 (Old),₹ 1,15,000,3094 Views
Yamaha Xabre 150,₹ 1,10,000,3087 Views
Honda CB Twister 110,₹ 49,000,3080 Views
Honda Africa Twin Adventure Sports,₹ 16,01,500,3076 Views
Kawasaki W175,₹ 1,47,000,3065 Views
Royal Enfield Meteor 350 Supernova,₹ 2,22,061,3052 Views
Royal Enfield Classic 350 Chrome Bronze,₹ 2,24,755,3046 Views
Kawasaki W800 Street,₹ 7,33,000,3046 Views
Royal Enfield Classic Signals Desert Sand,₹ 2,13,852,3039 Views
Ducati Monster 950,₹ 12,95,000,3038 Views
Husqvarna Svartpilen 125,₹ 1,55,000,3037 Views
Hero Maestro Edge 125,₹ 80,616,3030 Views
Royal Enfield Classic 500,₹ 2,01,000,3028 Views
Royal Enfield Himalayan 650,₹ 3,00,000,3025 Views
Vespa LX 125,₹ 98,412,3025 Views
Honda CBR1000RR-R SP,₹ 34,00,000,3012 Views
Honda CBR1000RR-R SP,₹ 34,00,000,3012 Views
Suzuki GSX-R750,₹ 16,00,000,3003 Views
Triumph Rocket 3 R,₹ 19,90,000,2999 Views
TVS Jupiter 125 Disc,₹ 90,655,2994 Views
Yamaha FZ 25 MotoGP (Monster Energy),₹ 1,38,800,2994 Views
Keeway Superlight 200,₹ 1,30,000,2988 Views
Royal Enfield Classic 350 Gunmetal Grey (Old Model),₹ 1,55,000,2982 Views
TVS Apache RTR 160 4V Bluetooth,₹ 1,30,670,2979 Views
Harley-Davidson X440 S,₹ 2,79,500,2978 Views
Kawasaki Ninja ZX-10R SE,₹ 19,75,000,2969 Views
Ultraviolette F77 Original,₹ 3,80,000,2968 Views
Ducati Scrambler Sixty2,₹ 5,75,000,2963 Views
Honda CB300F DLX,₹ 2,25,900,2956 Views
Benelli TNT 135,₹ 1,30,000,2951 Views
Honda CBR150R (Old Model),₹ 1,23,957,2951 Views
Royal Enfield Classic 350 Redditch Grey,₹ 1,93,080,2949 Views
Aprilia SR 125,₹ 1,22,875,2947 Views
Suzuki Intruder 150,₹ 1,27,900,2945 Views
Honda Shine 125 Disc Brake Model,₹ 83,800,2942 Views
Bajaj Pulsar 220 (Old Model),₹ 75,000,2934 Views
TVS Ronin 310,₹ 2,00,000,2934 Views
Yamaha Fazer V1,₹ 80,910,2930 Views
Bajaj Avenger 200,₹ 1,10,000,2925 Views
Honda CB350 DLX,₹ 2,09,857,2920 Views
Ducati Monster 795,₹ 7,09,000,2912 Views
Husqvarna Svartpilen 401,₹ 2,60,000,2910 Views
Suzuki Gixxer SF 250 MotoGP,₹ 2,05,501,2906 Views
Suzuki Burgman Street EX,₹ 1,13,700,2899 Views
Suzuki GSX-S300 (Haojue DR300),₹ 3,00,000,2897 Views
Yamaha Fazer 250cc (Fazer 25),₹ 1,44,680,2894 Views
Yamaha Tracer 900 GT,₹ 13,50,000,2890 Views
Honda Livo Disc Brake Model,₹ 82,500,2885 Views
Honda Activa 5G,₹ 55,470,2884 Views
Royal Enfield Classic 350 Signals (Old Model),₹ 1,63,000,2879 Views
Benelli Motobi 200 EVO,₹ 1,40,000,2877 Views
Royal Enfield Himalayan Granite Black,₹ 2,28,490,2874 Views
TVS Apache 150,₹ 60,700,2873 Views
Bajaj CT100B,₹ 32,000,2871 Views
TVS iQube,₹ 1,55,553,2869 Views
Ducati Panigale V2,₹ 20,27,000,2868 Views
Royal Enfield Bullet 350 ES,₹ 1,68,970,2862 Views
Royal Enfield Bobber 650,₹ 2,75,000,2861 Views
Honda CBR150R MotoGP,₹ 1,60,000,2861 Views
Hero Maestro Edge 110 VX,₹ 68,816,2860 Views
Kawasaki Z800,₹ 7,50,000,2858 Views
Honda CBR300R STD,₹ 2,00,000,2853 Views
Hero Hunk 150 (Rear Disc),₹ 74,120,2852 Views
Royal Enfield Classic 500 Stealth Black,₹ 2,04,000,2848 Views
Hero Splendor Pro Alloy Kick,₹ 49,598,2844 Views